{"cameraMode":{"drawMode":0,"name":"Shaded","section":"Shading Mode"},"sceneLighting":true,"audioPlay":false,"sceneViewState":{"m_AlwaysRefresh":false,"showFog":true,"showSkybox":true,"showFlares":true,"showImageEffects":true,"showParticleSystems":true,"showVisualEffectGraphs":true,"m_FxEnabled":true},"in2DMode":false,"pivot":{"x":-1.2932080030441285,"y":6.063236236572266,"z":-11.467201232910157},"rotation":{"x":-0.0006511656101793051,"y":-0.9927663207054138,"z":0.12001931667327881,"w":-0.005354039371013641},"size":58.345829010009769,"orthographic":false}